{
    "Setting": true,
    "ModuleManager": true,
    "Localization": true,
    "RolePermission": true,
    "Permission": true,
    "Appearance": true,
    "CourseSetting": true,
    "Payment": true,
    "StudentSetting": true,
    "SystemSetting": true,
    "Coupons": true,
    "FrontendManage": true,
    "Quiz": true,
    "PaymentMethodSetting": true,
    "VimeoSetting": true,
    "VirtualClass": true,
    "Zoom": true,
    "BBB": false,
    "AmazonS3": false,
    "Blog": true,
    "FooterSetting": true,
    "Sslcommerz": false,
    "Razorpay": true,
    "Paytm": true,
    "PayStack": true,
    "Wallet": true,
    "Certificate": true,
    "BankPayment": true,
    "OfflinePayment": true,
    "Jitsi": false,
    "Subscription": false,
    "SCORM": false,
    "Instamojo": true,
    "Midtrans": true,
    "Payeer": true,
    "Newsletter": true,
    "Chat": false,
    "Pesapal": true,
    "Backup": true,
    "Tax": false,
    "WhatsappSupport": false,
    "Mobilpay": true,
    "Assignment": false,
    "TeachOffline": false,
    "VdoCipher": true,
    "BundleSubscription": false,
    "Bkash": false,
    "InstructorCertificate": false,
    "PopupContent": true,
    "CourseOffer": false,
    "Org": false,
    "NotificationSetup": true,
    "OrgSubscription": false,
    "Homework": false,
    "Communicate": false,
    "Forum": false,
    "Calendar": false,
    "OrgInstructorPolicy": false,
    "CourseInvitation": false
}
